run_date,window,as_of,models,total_tokens,us_tokens,us_token_share_pct,source,degraded,degrade_note
2025-01-01,day,2025-01-01,50,49151682771,34696464568,70.59,backfill,0,volume only - top50+other from rankings-daily; no price history exists
2025-01-02,day,2025-01-02,50,62408153540,47179847595,75.6,backfill,0,volume only - top50+other from rankings-daily; no price history exists
2025-01-03,day,2025-01-03,50,61193115505,48683189669,79.56,backfill,0,volume only - top50+other from rankings-daily; no price history exists
2025-01-04,day,2025-01-04,50,53598360079,41851211605,78.08,backfill,0,volume only - top50+other from rankings-daily; no price history exists
2025-01-05,day,2025-01-05,50,58396306085,45404918680,77.75,backfill,0,volume only - top50+other from rankings-daily; no price history exists
2025-01-06,day,2025-01-06,50,69386292686,54304694229,78.26,backfill,0,volume only - top50+other from rankings-daily; no price history exists
2025-01-07,day,2025-01-07,50,75431755847,59216109478,78.5,backfill,0,volume only - top50+other from rankings-daily; no price history exists
2025-01-08,day,2025-01-08,50,70221822873,56975608893,81.14,backfill,0,volume only - top50+other from rankings-daily; no price history exists
2025-01-09,day,2025-01-09,50,72356616201,59018547492,81.57,backfill,0,volume only - top50+other from rankings-daily; no price history exists
2025-01-10,day,2025-01-10,50,71507703702,57413635774,80.29,backfill,0,volume only - top50+other from rankings-daily; no price history exists
2025-01-11,day,2025-01-11,50,63816995783,49688311125,77.86,backfill,0,volume only - top50+other from rankings-daily; no price history exists
2025-01-12,day,2025-01-12,50,75866094246,59976220648,79.06,backfill,0,volume only - top50+other from rankings-daily; no price history exists
2025-01-13,day,2025-01-13,50,85115007863,68562127974,80.55,backfill,0,volume only - top50+other from rankings-daily; no price history exists
2025-01-14,day,2025-01-14,50,75222327281,60955438442,81.03,backfill,0,volume only - top50+other from rankings-daily; no price history exists
2025-01-15,day,2025-01-15,50,84115145855,70484545463,83.8,backfill,0,volume only - top50+other from rankings-daily; no price history exists
2025-01-16,day,2025-01-16,50,77055116590,64563443939,83.79,backfill,0,volume only - top50+other from rankings-daily; no price history exists
2025-01-17,day,2025-01-17,50,68495216858,55402403056,80.89,backfill,0,volume only - top50+other from rankings-daily; no price history exists
2025-01-18,day,2025-01-18,50,60483766614,48213705846,79.71,backfill,0,volume only - top50+other from rankings-daily; no price history exists
2025-01-19,day,2025-01-19,50,67857660985,54280526161,79.99,backfill,0,volume only - top50+other from rankings-daily; no price history exists
2025-01-20,day,2025-01-20,50,75688773433,62098725169,82.04,backfill,0,volume only - top50+other from rankings-daily; no price history exists
2025-01-21,day,2025-01-21,50,81360080410,66688549944,81.97,backfill,0,volume only - top50+other from rankings-daily; no price history exists
2025-01-22,day,2025-01-22,50,81625733261,67031417246,82.12,backfill,0,volume only - top50+other from rankings-daily; no price history exists
2025-01-23,day,2025-01-23,50,77114501415,60478240419,78.43,backfill,0,volume only - top50+other from rankings-daily; no price history exists
2025-01-24,day,2025-01-24,50,72673110544,58011721393,79.83,backfill,0,volume only - top50+other from rankings-daily; no price history exists
2025-01-25,day,2025-01-25,50,67152928393,54085913530,80.54,backfill,0,volume only - top50+other from rankings-daily; no price history exists
2025-01-26,day,2025-01-26,50,71483471593,58307217899,81.57,backfill,0,volume only - top50+other from rankings-daily; no price history exists
2025-01-27,day,2025-01-27,50,73948446787,59511865984,80.48,backfill,0,volume only - top50+other from rankings-daily; no price history exists
2025-01-28,day,2025-01-28,50,75487441672,61092676723,80.93,backfill,0,volume only - top50+other from rankings-daily; no price history exists
2025-01-29,day,2025-01-29,50,78035168383,61594274848,78.93,backfill,0,volume only - top50+other from rankings-daily; no price history exists
2025-01-30,day,2025-01-30,50,89094205165,68091879620,76.43,backfill,0,volume only - top50+other from rankings-daily; no price history exists
2025-01-31,day,2025-01-31,50,84790953671,67590263310,79.71,backfill,0,volume only - top50+other from rankings-daily; no price history exists
2025-02-01,day,2025-02-01,50,82720395965,64329366721,77.77,backfill,0,volume only - top50+other from rankings-daily; no price history exists
2025-02-02,day,2025-02-02,50,87631768147,67728696051,77.29,backfill,0,volume only - top50+other from rankings-daily; no price history exists
2025-02-03,day,2025-02-03,50,88421824989,65987356082,74.63,backfill,0,volume only - top50+other from rankings-daily; no price history exists
2025-02-04,day,2025-02-04,50,102119870049,79950133163,78.29,backfill,0,volume only - top50+other from rankings-daily; no price history exists
2025-02-05,day,2025-02-05,50,105669269279,81108580000,76.76,backfill,0,volume only - top50+other from rankings-daily; no price history exists
2025-02-06,day,2025-02-06,50,114992702177,88692100933,77.13,backfill,0,volume only - top50+other from rankings-daily; no price history exists
2025-02-07,day,2025-02-07,50,118370770895,93166904241,78.71,backfill,0,volume only - top50+other from rankings-daily; no price history exists
2025-02-08,day,2025-02-08,50,105864690395,82490577746,77.92,backfill,0,volume only - top50+other from rankings-daily; no price history exists
2025-02-09,day,2025-02-09,50,107394888620,83547603433,77.79,backfill,0,volume only - top50+other from rankings-daily; no price history exists
2025-02-10,day,2025-02-10,50,110479150384,84702427711,76.67,backfill,0,volume only - top50+other from rankings-daily; no price history exists
2025-02-11,day,2025-02-11,50,124503350714,97098362403,77.99,backfill,0,volume only - top50+other from rankings-daily; no price history exists
2025-02-12,day,2025-02-12,50,124490739152,95614063940,76.8,backfill,0,volume only - top50+other from rankings-daily; no price history exists
2025-02-13,day,2025-02-13,50,123401049224,94351253024,76.46,backfill,0,volume only - top50+other from rankings-daily; no price history exists
2025-02-14,day,2025-02-14,50,123551521514,94919835312,76.83,backfill,0,volume only - top50+other from rankings-daily; no price history exists
2025-02-15,day,2025-02-15,50,115361835640,89658375231,77.72,backfill,0,volume only - top50+other from rankings-daily; no price history exists
2025-02-16,day,2025-02-16,50,118560036919,94384451487,79.61,backfill,0,volume only - top50+other from rankings-daily; no price history exists
2025-02-17,day,2025-02-17,50,128184132562,100798414571,78.64,backfill,0,volume only - top50+other from rankings-daily; no price history exists
2025-02-18,day,2025-02-18,50,142100553307,114666176848,80.69,backfill,0,volume only - top50+other from rankings-daily; no price history exists
2025-02-19,day,2025-02-19,50,133578195110,107796707657,80.7,backfill,0,volume only - top50+other from rankings-daily; no price history exists
2025-02-20,day,2025-02-20,50,139567174082,112466341203,80.58,backfill,0,volume only - top50+other from rankings-daily; no price history exists
2025-02-21,day,2025-02-21,50,133191771578,108454763906,81.43,backfill,0,volume only - top50+other from rankings-daily; no price history exists
2025-02-22,day,2025-02-22,50,135116394860,110220708390,81.57,backfill,0,volume only - top50+other from rankings-daily; no price history exists
2025-02-23,day,2025-02-23,50,139667620904,113973807674,81.6,backfill,0,volume only - top50+other from rankings-daily; no price history exists
2025-02-24,day,2025-02-24,50,149673286419,120707998324,80.65,backfill,0,volume only - top50+other from rankings-daily; no price history exists
2025-02-25,day,2025-02-25,50,165872108916,135739923132,81.83,backfill,0,volume only - top50+other from rankings-daily; no price history exists
2025-02-26,day,2025-02-26,50,163891595218,135556496024,82.71,backfill,0,volume only - top50+other from rankings-daily; no price history exists
2025-02-27,day,2025-02-27,50,157817685268,128173241947,81.22,backfill,0,volume only - top50+other from rankings-daily; no price history exists
2025-02-28,day,2025-02-28,50,154373044616,124871678147,80.89,backfill,0,volume only - top50+other from rankings-daily; no price history exists
2025-03-01,day,2025-03-01,50,150042042719,122027645134,81.33,backfill,0,volume only - top50+other from rankings-daily; no price history exists
2025-03-02,day,2025-03-02,50,157225740186,128287925881,81.59,backfill,0,volume only - top50+other from rankings-daily; no price history exists
2025-03-03,day,2025-03-03,50,163696491542,134150758451,81.95,backfill,0,volume only - top50+other from rankings-daily; no price history exists
2025-03-04,day,2025-03-04,50,166790068558,135155147938,81.03,backfill,0,volume only - top50+other from rankings-daily; no price history exists
2025-03-05,day,2025-03-05,50,173962185656,141718039119,81.46,backfill,0,volume only - top50+other from rankings-daily; no price history exists
2025-03-06,day,2025-03-06,50,182100870835,145280765789,79.78,backfill,0,volume only - top50+other from rankings-daily; no price history exists
2025-03-07,day,2025-03-07,50,227794006971,184272830893,80.89,backfill,0,volume only - top50+other from rankings-daily; no price history exists
2025-03-08,day,2025-03-08,50,180393189127,146495865091,81.21,backfill,0,volume only - top50+other from rankings-daily; no price history exists
2025-03-09,day,2025-03-09,50,187301072720,150349028141,80.27,backfill,0,volume only - top50+other from rankings-daily; no price history exists
2025-03-10,day,2025-03-10,50,194916718158,156526515801,80.3,backfill,0,volume only - top50+other from rankings-daily; no price history exists
2025-03-11,day,2025-03-11,50,204393400391,168041847152,82.21,backfill,0,volume only - top50+other from rankings-daily; no price history exists
2025-03-12,day,2025-03-12,50,203060022546,166662278348,82.08,backfill,0,volume only - top50+other from rankings-daily; no price history exists
2025-03-13,day,2025-03-13,50,221928492539,183442366871,82.66,backfill,0,volume only - top50+other from rankings-daily; no price history exists
2025-03-14,day,2025-03-14,50,214068053396,174398992482,81.47,backfill,0,volume only - top50+other from rankings-daily; no price history exists
2025-03-15,day,2025-03-15,50,190299583462,152007725412,79.88,backfill,0,volume only - top50+other from rankings-daily; no price history exists
2025-03-16,day,2025-03-16,50,190302450623,153982329345,80.91,backfill,0,volume only - top50+other from rankings-daily; no price history exists
2025-03-17,day,2025-03-17,50,230930657288,190585153436,82.53,backfill,0,volume only - top50+other from rankings-daily; no price history exists
2025-03-18,day,2025-03-18,50,230236003769,188884871053,82.04,backfill,0,volume only - top50+other from rankings-daily; no price history exists
2025-03-19,day,2025-03-19,50,205403798836,163508039961,79.6,backfill,0,volume only - top50+other from rankings-daily; no price history exists
2025-03-20,day,2025-03-20,50,203790419935,163371669025,80.17,backfill,0,volume only - top50+other from rankings-daily; no price history exists
2025-03-21,day,2025-03-21,50,212462970583,169599409740,79.83,backfill,0,volume only - top50+other from rankings-daily; no price history exists
2025-03-22,day,2025-03-22,50,188084657023,147720639261,78.54,backfill,0,volume only - top50+other from rankings-daily; no price history exists
2025-03-23,day,2025-03-23,50,198759550985,157912166191,79.45,backfill,0,volume only - top50+other from rankings-daily; no price history exists
2025-03-24,day,2025-03-24,50,222905959539,179231203110,80.41,backfill,0,volume only - top50+other from rankings-daily; no price history exists
2025-03-25,day,2025-03-25,50,228382944505,174362086075,76.35,backfill,0,volume only - top50+other from rankings-daily; no price history exists
2025-03-26,day,2025-03-26,50,244887222843,187987361221,76.76,backfill,0,volume only - top50+other from rankings-daily; no price history exists
2025-03-27,day,2025-03-27,50,247700609528,186659076836,75.36,backfill,0,volume only - top50+other from rankings-daily; no price history exists
2025-03-28,day,2025-03-28,50,252577751172,189410059806,74.99,backfill,0,volume only - top50+other from rankings-daily; no price history exists
2025-03-29,day,2025-03-29,50,218184167792,162902543103,74.66,backfill,0,volume only - top50+other from rankings-daily; no price history exists
2025-03-30,day,2025-03-30,50,205111873157,152091824649,74.15,backfill,0,volume only - top50+other from rankings-daily; no price history exists
2025-03-31,day,2025-03-31,50,263186845381,207975701400,79.02,backfill,0,volume only - top50+other from rankings-daily; no price history exists
2025-04-01,day,2025-04-01,50,279117467876,214347109577,76.79,backfill,0,volume only - top50+other from rankings-daily; no price history exists
2025-04-02,day,2025-04-02,50,287084138362,225255692527,78.46,backfill,0,volume only - top50+other from rankings-daily; no price history exists
2025-04-03,day,2025-04-03,50,310210765749,242968763545,78.32,backfill,0,volume only - top50+other from rankings-daily; no price history exists
2025-04-04,day,2025-04-04,50,282175536516,211881726408,75.09,backfill,0,volume only - top50+other from rankings-daily; no price history exists
2025-04-05,day,2025-04-05,50,283090401484,202455943633,71.52,backfill,0,volume only - top50+other from rankings-daily; no price history exists
2025-04-06,day,2025-04-06,50,330016992208,214450476663,64.98,backfill,0,volume only - top50+other from rankings-daily; no price history exists
2025-04-07,day,2025-04-07,50,371768869788,235539782023,63.36,backfill,0,volume only - top50+other from rankings-daily; no price history exists
2025-04-08,day,2025-04-08,50,335124133287,231498174254,69.08,backfill,0,volume only - top50+other from rankings-daily; no price history exists
2025-04-09,day,2025-04-09,50,329550655879,231248233290,70.17,backfill,0,volume only - top50+other from rankings-daily; no price history exists
2025-04-10,day,2025-04-10,50,318345562644,217925465836,68.46,backfill,0,volume only - top50+other from rankings-daily; no price history exists
2025-04-11,day,2025-04-11,50,290444046062,198635643316,68.39,backfill,0,volume only - top50+other from rankings-daily; no price history exists
2025-04-12,day,2025-04-12,50,274911788714,191515192763,69.66,backfill,0,volume only - top50+other from rankings-daily; no price history exists
2025-04-13,day,2025-04-13,50,262977334963,172455150049,65.58,backfill,0,volume only - top50+other from rankings-daily; no price history exists
2025-04-14,day,2025-04-14,50,272286805249,191773714975,70.43,backfill,0,volume only - top50+other from rankings-daily; no price history exists
2025-04-15,day,2025-04-15,50,252985364647,200623076294,79.3,backfill,0,volume only - top50+other from rankings-daily; no price history exists
2025-04-16,day,2025-04-16,50,251118350224,200496126872,79.84,backfill,0,volume only - top50+other from rankings-daily; no price history exists
2025-04-17,day,2025-04-17,50,248960978027,194750980307,78.23,backfill,0,volume only - top50+other from rankings-daily; no price history exists
2025-04-18,day,2025-04-18,50,260110794546,209418921528,80.51,backfill,0,volume only - top50+other from rankings-daily; no price history exists
2025-04-19,day,2025-04-19,50,243572111478,191834015142,78.76,backfill,0,volume only - top50+other from rankings-daily; no price history exists
2025-04-20,day,2025-04-20,50,249634165943,195830499109,78.45,backfill,0,volume only - top50+other from rankings-daily; no price history exists
2025-04-21,day,2025-04-21,50,265611051403,207292180613,78.04,backfill,0,volume only - top50+other from rankings-daily; no price history exists
2025-04-22,day,2025-04-22,50,267828807102,211823307510,79.09,backfill,0,volume only - top50+other from rankings-daily; no price history exists
2025-04-23,day,2025-04-23,50,258244769365,202337437906,78.35,backfill,0,volume only - top50+other from rankings-daily; no price history exists
2025-04-24,day,2025-04-24,50,248136852554,195128958928,78.64,backfill,0,volume only - top50+other from rankings-daily; no price history exists
2025-04-25,day,2025-04-25,50,254213410032,199683561564,78.55,backfill,0,volume only - top50+other from rankings-daily; no price history exists
2025-04-26,day,2025-04-26,50,232948687662,177168530297,76.05,backfill,0,volume only - top50+other from rankings-daily; no price history exists
2025-04-27,day,2025-04-27,50,236480346124,180957031200,76.52,backfill,0,volume only - top50+other from rankings-daily; no price history exists
2025-04-28,day,2025-04-28,50,276156543714,213990354193,77.49,backfill,0,volume only - top50+other from rankings-daily; no price history exists
2025-04-29,day,2025-04-29,50,264007460755,198145440173,75.05,backfill,0,volume only - top50+other from rankings-daily; no price history exists
2025-04-30,day,2025-04-30,50,257745468847,193019634974,74.89,backfill,0,volume only - top50+other from rankings-daily; no price history exists
2025-05-01,day,2025-05-01,50,247853999972,186424938021,75.22,backfill,0,volume only - top50+other from rankings-daily; no price history exists
2025-05-02,day,2025-05-02,50,257124033765,197247459802,76.71,backfill,0,volume only - top50+other from rankings-daily; no price history exists
2025-05-03,day,2025-05-03,50,240108996884,185928228718,77.43,backfill,0,volume only - top50+other from rankings-daily; no price history exists
2025-05-04,day,2025-05-04,50,259953508223,198678910165,76.43,backfill,0,volume only - top50+other from rankings-daily; no price history exists
2025-05-05,day,2025-05-05,50,311745800261,245176860482,78.65,backfill,0,volume only - top50+other from rankings-daily; no price history exists
2025-05-06,day,2025-05-06,50,310263302559,242511408093,78.16,backfill,0,volume only - top50+other from rankings-daily; no price history exists
2025-05-07,day,2025-05-07,50,313740594702,249218174678,79.43,backfill,0,volume only - top50+other from rankings-daily; no price history exists
2025-05-08,day,2025-05-08,50,314099176805,246955159762,78.62,backfill,0,volume only - top50+other from rankings-daily; no price history exists
2025-05-09,day,2025-05-09,50,310235395101,245074405154,79.0,backfill,0,volume only - top50+other from rankings-daily; no price history exists
2025-05-10,day,2025-05-10,50,281325208183,219142808986,77.9,backfill,0,volume only - top50+other from rankings-daily; no price history exists
2025-05-11,day,2025-05-11,50,288603619977,228260057143,79.09,backfill,0,volume only - top50+other from rankings-daily; no price history exists
2025-05-12,day,2025-05-12,50,322905510657,262318639869,81.24,backfill,0,volume only - top50+other from rankings-daily; no price history exists
2025-05-13,day,2025-05-13,50,342403647632,279506103558,81.63,backfill,0,volume only - top50+other from rankings-daily; no price history exists
2025-05-14,day,2025-05-14,50,326602519998,265840481603,81.4,backfill,0,volume only - top50+other from rankings-daily; no price history exists
2025-05-15,day,2025-05-15,50,331569364598,270000656361,81.43,backfill,0,volume only - top50+other from rankings-daily; no price history exists
2025-05-16,day,2025-05-16,50,298119972316,239419399530,80.31,backfill,0,volume only - top50+other from rankings-daily; no price history exists
2025-05-17,day,2025-05-17,50,264429024209,206046904697,77.92,backfill,0,volume only - top50+other from rankings-daily; no price history exists
2025-05-18,day,2025-05-18,50,269232227294,208053492795,77.28,backfill,0,volume only - top50+other from rankings-daily; no price history exists
2025-05-19,day,2025-05-19,50,333465897864,268067556197,80.39,backfill,0,volume only - top50+other from rankings-daily; no price history exists
2025-05-20,day,2025-05-20,50,332801509438,267561745324,80.4,backfill,0,volume only - top50+other from rankings-daily; no price history exists
2025-05-21,day,2025-05-21,50,339695778677,276006237302,81.25,backfill,0,volume only - top50+other from rankings-daily; no price history exists
2025-05-22,day,2025-05-22,50,366743895165,301805105636,82.29,backfill,0,volume only - top50+other from rankings-daily; no price history exists
2025-05-23,day,2025-05-23,50,366523366643,301384010585,82.23,backfill,0,volume only - top50+other from rankings-daily; no price history exists
2025-05-24,day,2025-05-24,50,307671303826,245990658215,79.95,backfill,0,volume only - top50+other from rankings-daily; no price history exists
2025-05-25,day,2025-05-25,50,321070374909,258229581661,80.43,backfill,0,volume only - top50+other from rankings-daily; no price history exists
2025-05-26,day,2025-05-26,50,388143121737,321113984938,82.73,backfill,0,volume only - top50+other from rankings-daily; no price history exists
2025-05-27,day,2025-05-27,50,403216090874,334475566180,82.95,backfill,0,volume only - top50+other from rankings-daily; no price history exists
2025-05-28,day,2025-05-28,50,391273310120,322682465527,82.47,backfill,0,volume only - top50+other from rankings-daily; no price history exists
2025-05-29,day,2025-05-29,50,379196749612,308331133231,81.31,backfill,0,volume only - top50+other from rankings-daily; no price history exists
2025-05-30,day,2025-05-30,50,352460561300,282076717657,80.03,backfill,0,volume only - top50+other from rankings-daily; no price history exists
2025-05-31,day,2025-05-31,50,288600168394,221638650102,76.8,backfill,0,volume only - top50+other from rankings-daily; no price history exists
2025-06-01,day,2025-06-01,50,295219520457,224804917366,76.15,backfill,0,volume only - top50+other from rankings-daily; no price history exists
2025-06-02,day,2025-06-02,50,364374914687,286422926540,78.61,backfill,0,volume only - top50+other from rankings-daily; no price history exists
2025-06-03,day,2025-06-03,50,395741118681,317012783910,80.11,backfill,0,volume only - top50+other from rankings-daily; no price history exists
2025-06-04,day,2025-06-04,50,402370845061,323820100632,80.48,backfill,0,volume only - top50+other from rankings-daily; no price history exists
2025-06-05,day,2025-06-05,50,352830171237,278359751036,78.89,backfill,0,volume only - top50+other from rankings-daily; no price history exists
2025-06-06,day,2025-06-06,50,304215269313,231996300236,76.26,backfill,0,volume only - top50+other from rankings-daily; no price history exists
2025-06-07,day,2025-06-07,50,270384691186,200362676800,74.1,backfill,0,volume only - top50+other from rankings-daily; no price history exists
2025-06-08,day,2025-06-08,50,275452808619,198148584464,71.94,backfill,0,volume only - top50+other from rankings-daily; no price history exists
2025-06-09,day,2025-06-09,50,318563944013,237998393388,74.71,backfill,0,volume only - top50+other from rankings-daily; no price history exists
2025-06-10,day,2025-06-10,50,338769282506,260918950227,77.02,backfill,0,volume only - top50+other from rankings-daily; no price history exists
2025-06-11,day,2025-06-11,50,324423607390,246267390239,75.91,backfill,0,volume only - top50+other from rankings-daily; no price history exists
2025-06-12,day,2025-06-12,50,282516932434,210512314873,74.51,backfill,0,volume only - top50+other from rankings-daily; no price history exists
2025-06-13,day,2025-06-13,50,296812822131,220114843391,74.16,backfill,0,volume only - top50+other from rankings-daily; no price history exists
2025-06-14,day,2025-06-14,50,260938723000,187589565755,71.89,backfill,0,volume only - top50+other from rankings-daily; no price history exists
2025-06-16,day,2025-06-16,50,316856763083,237654717812,75.0,backfill,0,volume only - top50+other from rankings-daily; no price history exists
2025-06-17,day,2025-06-17,50,311927875980,231074070738,74.08,backfill,0,volume only - top50+other from rankings-daily; no price history exists
2025-06-18,day,2025-06-18,50,345151126563,263007831672,76.2,backfill,0,volume only - top50+other from rankings-daily; no price history exists
2025-06-19,day,2025-06-19,50,315354469724,235627338331,74.72,backfill,0,volume only - top50+other from rankings-daily; no price history exists
2025-06-20,day,2025-06-20,50,325911386735,246325840689,75.58,backfill,0,volume only - top50+other from rankings-daily; no price history exists
2025-06-21,day,2025-06-21,50,320183191755,246542828593,77.0,backfill,0,volume only - top50+other from rankings-daily; no price history exists
2025-06-22,day,2025-06-22,50,319506734767,243760363580,76.29,backfill,0,volume only - top50+other from rankings-daily; no price history exists
2025-06-23,day,2025-06-23,50,355834204069,275574345626,77.44,backfill,0,volume only - top50+other from rankings-daily; no price history exists
2025-06-24,day,2025-06-24,50,371824750027,292421185429,78.64,backfill,0,volume only - top50+other from rankings-daily; no price history exists
2025-06-25,day,2025-06-25,50,383015104888,301050223226,78.6,backfill,0,volume only - top50+other from rankings-daily; no price history exists
2025-06-26,day,2025-06-26,50,373973432435,292556749197,78.23,backfill,0,volume only - top50+other from rankings-daily; no price history exists
2025-06-27,day,2025-06-27,50,333429689986,249540905426,74.84,backfill,0,volume only - top50+other from rankings-daily; no price history exists
2025-06-28,day,2025-06-28,50,259521603134,180902935365,69.71,backfill,0,volume only - top50+other from rankings-daily; no price history exists
2025-06-29,day,2025-06-29,50,281077592894,200722117555,71.41,backfill,0,volume only - top50+other from rankings-daily; no price history exists
2025-06-30,day,2025-06-30,50,315454333288,231325111266,73.33,backfill,0,volume only - top50+other from rankings-daily; no price history exists
2025-07-01,day,2025-07-01,50,347819643900,265195212827,76.25,backfill,0,volume only - top50+other from rankings-daily; no price history exists
2025-07-02,day,2025-07-02,50,307981945626,223776025492,72.66,backfill,0,volume only - top50+other from rankings-daily; no price history exists
2025-07-03,day,2025-07-03,50,311736368098,228289606423,73.23,backfill,0,volume only - top50+other from rankings-daily; no price history exists
2025-07-04,day,2025-07-04,50,299561203271,217758876134,72.69,backfill,0,volume only - top50+other from rankings-daily; no price history exists
2025-07-05,day,2025-07-05,50,253061798022,173319429207,68.49,backfill,0,volume only - top50+other from rankings-daily; no price history exists
2025-07-06,day,2025-07-06,50,274289625800,189722377125,69.17,backfill,0,volume only - top50+other from rankings-daily; no price history exists
2025-07-07,day,2025-07-07,50,333244344472,247600050791,74.3,backfill,0,volume only - top50+other from rankings-daily; no price history exists
2025-07-08,day,2025-07-08,50,348300492893,263079092258,75.53,backfill,0,volume only - top50+other from rankings-daily; no price history exists
2025-07-09,day,2025-07-09,50,350738237774,260688067977,74.33,backfill,0,volume only - top50+other from rankings-daily; no price history exists
2025-07-10,day,2025-07-10,50,375287543974,278210333313,74.13,backfill,0,volume only - top50+other from rankings-daily; no price history exists
2025-07-11,day,2025-07-11,50,353861055816,252229412848,71.28,backfill,0,volume only - top50+other from rankings-daily; no price history exists
2025-07-12,day,2025-07-12,50,300696977506,192221612578,63.93,backfill,0,volume only - top50+other from rankings-daily; no price history exists
2025-07-13,day,2025-07-13,50,309570142792,195055227545,63.01,backfill,0,volume only - top50+other from rankings-daily; no price history exists
2025-07-14,day,2025-07-14,50,372143032204,255270401118,68.59,backfill,0,volume only - top50+other from rankings-daily; no price history exists
2025-07-16,day,2025-07-16,50,393212930827,264686940002,67.31,backfill,0,volume only - top50+other from rankings-daily; no price history exists
2025-07-17,day,2025-07-17,50,387832453655,263059600905,67.83,backfill,0,volume only - top50+other from rankings-daily; no price history exists
2025-07-18,day,2025-07-18,50,384226470319,255645461277,66.54,backfill,0,volume only - top50+other from rankings-daily; no price history exists
2025-07-19,day,2025-07-19,50,345796902507,226183780752,65.41,backfill,0,volume only - top50+other from rankings-daily; no price history exists
2025-07-20,day,2025-07-20,50,339423137933,225919119407,66.56,backfill,0,volume only - top50+other from rankings-daily; no price history exists
2025-07-21,day,2025-07-21,50,411420971977,285226066853,69.33,backfill,0,volume only - top50+other from rankings-daily; no price history exists
2025-07-22,day,2025-07-22,50,439002125731,300364038419,68.42,backfill,0,volume only - top50+other from rankings-daily; no price history exists
2025-07-23,day,2025-07-23,50,464710917479,310271312623,66.77,backfill,0,volume only - top50+other from rankings-daily; no price history exists
2025-07-24,day,2025-07-24,50,480589511202,320220805527,66.63,backfill,0,volume only - top50+other from rankings-daily; no price history exists
2025-07-25,day,2025-07-25,50,444545364757,298200992271,67.08,backfill,0,volume only - top50+other from rankings-daily; no price history exists
2025-07-26,day,2025-07-26,50,374916246404,233287797249,62.22,backfill,0,volume only - top50+other from rankings-daily; no price history exists
2025-07-27,day,2025-07-27,50,381299360956,230359004030,60.41,backfill,0,volume only - top50+other from rankings-daily; no price history exists
2025-07-28,day,2025-07-28,50,481812982036,307138748958,63.75,backfill,0,volume only - top50+other from rankings-daily; no price history exists
2025-07-29,day,2025-07-29,50,514471143689,342410504948,66.56,backfill,0,volume only - top50+other from rankings-daily; no price history exists
2025-07-30,day,2025-07-30,50,509064942422,329862089592,64.8,backfill,0,volume only - top50+other from rankings-daily; no price history exists
2025-07-31,day,2025-07-31,50,498032267972,303554300799,60.95,backfill,0,volume only - top50+other from rankings-daily; no price history exists
2025-08-01,day,2025-08-01,50,499064274817,293971379467,58.9,backfill,0,volume only - top50+other from rankings-daily; no price history exists
2025-08-02,day,2025-08-02,50,456016334999,247774523900,54.33,backfill,0,volume only - top50+other from rankings-daily; no price history exists
2025-08-03,day,2025-08-03,50,449623336077,221846591751,49.34,backfill,0,volume only - top50+other from rankings-daily; no price history exists
2025-08-04,day,2025-08-04,50,537927259052,284501696696,52.89,backfill,0,volume only - top50+other from rankings-daily; no price history exists
2025-08-05,day,2025-08-05,50,539539996362,281066026760,52.09,backfill,0,volume only - top50+other from rankings-daily; no price history exists
2025-08-06,day,2025-08-06,50,552586703600,297778741893,53.89,backfill,0,volume only - top50+other from rankings-daily; no price history exists
2025-08-07,day,2025-08-07,50,548248080187,300741043157,54.85,backfill,0,volume only - top50+other from rankings-daily; no price history exists
2025-08-08,day,2025-08-08,50,486043209609,281626177175,57.94,backfill,0,volume only - top50+other from rankings-daily; no price history exists
2025-08-09,day,2025-08-09,50,378181043372,218053399792,57.66,backfill,0,volume only - top50+other from rankings-daily; no price history exists
2025-08-10,day,2025-08-10,50,388699957625,221673878800,57.03,backfill,0,volume only - top50+other from rankings-daily; no price history exists
2025-08-11,day,2025-08-11,50,478600254157,284444620966,59.43,backfill,0,volume only - top50+other from rankings-daily; no price history exists
2025-08-12,day,2025-08-12,50,519093889487,317025909575,61.07,backfill,0,volume only - top50+other from rankings-daily; no price history exists
2025-08-13,day,2025-08-13,50,486377558919,289238700967,59.47,backfill,0,volume only - top50+other from rankings-daily; no price history exists
2025-08-14,day,2025-08-14,50,477464329038,294407076915,61.66,backfill,0,volume only - top50+other from rankings-daily; no price history exists
2025-08-15,day,2025-08-15,50,445390829459,268282089351,60.24,backfill,0,volume only - top50+other from rankings-daily; no price history exists
2025-08-16,day,2025-08-16,50,389454674939,225287333498,57.85,backfill,0,volume only - top50+other from rankings-daily; no price history exists
2025-08-17,day,2025-08-17,50,407273603704,226378004285,55.58,backfill,0,volume only - top50+other from rankings-daily; no price history exists
2025-08-18,day,2025-08-18,50,485260347251,286554335177,59.05,backfill,0,volume only - top50+other from rankings-daily; no price history exists
2025-08-19,day,2025-08-19,50,493722773971,304664362085,61.71,backfill,0,volume only - top50+other from rankings-daily; no price history exists
2025-08-20,day,2025-08-20,50,493617116586,307879136711,62.37,backfill,0,volume only - top50+other from rankings-daily; no price history exists
2025-08-21,day,2025-08-21,50,469360617547,287427903726,61.24,backfill,0,volume only - top50+other from rankings-daily; no price history exists
2025-08-22,day,2025-08-22,50,459620039867,276934100814,60.25,backfill,0,volume only - top50+other from rankings-daily; no price history exists
2025-08-23,day,2025-08-23,50,397945064237,229874354738,57.77,backfill,0,volume only - top50+other from rankings-daily; no price history exists
2025-08-24,day,2025-08-24,50,407889643724,235884634595,57.83,backfill,0,volume only - top50+other from rankings-daily; no price history exists
2025-08-25,day,2025-08-25,50,493622049699,305961285664,61.98,backfill,0,volume only - top50+other from rankings-daily; no price history exists
2025-08-26,day,2025-08-26,50,503923094951,318430469307,63.19,backfill,0,volume only - top50+other from rankings-daily; no price history exists
2025-08-27,day,2025-08-27,50,521637394678,341669566108,65.5,backfill,0,volume only - top50+other from rankings-daily; no price history exists
2025-08-28,day,2025-08-28,50,535672761499,366360746491,68.39,backfill,0,volume only - top50+other from rankings-daily; no price history exists
2025-08-29,day,2025-08-29,50,610251515109,415415365249,68.07,backfill,0,volume only - top50+other from rankings-daily; no price history exists
2025-08-30,day,2025-08-30,50,521523584511,346920767134,66.52,backfill,0,volume only - top50+other from rankings-daily; no price history exists
2025-08-31,day,2025-08-31,50,538615331454,382178970497,70.96,backfill,0,volume only - top50+other from rankings-daily; no price history exists
2025-09-01,day,2025-09-01,50,713177483965,546220277005,76.59,backfill,0,volume only - top50+other from rankings-daily; no price history exists
2025-09-02,day,2025-09-02,50,640458972964,471868543160,73.68,backfill,0,volume only - top50+other from rankings-daily; no price history exists
2025-09-03,day,2025-09-03,50,697991366083,520648579232,74.59,backfill,0,volume only - top50+other from rankings-daily; no price history exists
2025-09-04,day,2025-09-04,50,668785563468,493507925648,73.79,backfill,0,volume only - top50+other from rankings-daily; no price history exists
2025-09-05,day,2025-09-05,50,656252833815,475587742664,72.47,backfill,0,volume only - top50+other from rankings-daily; no price history exists
2025-09-06,day,2025-09-06,50,603488321805,392169704128,64.98,backfill,0,volume only - top50+other from rankings-daily; no price history exists
2025-09-07,day,2025-09-07,50,619571722342,409498825511,66.09,backfill,0,volume only - top50+other from rankings-daily; no price history exists
2025-09-08,day,2025-09-08,50,762151554820,525628647970,68.97,backfill,0,volume only - top50+other from rankings-daily; no price history exists
2025-09-09,day,2025-09-09,50,748493026824,527049278741,70.41,backfill,0,volume only - top50+other from rankings-daily; no price history exists
2025-09-10,day,2025-09-10,50,749592748652,531439692804,70.9,backfill,0,volume only - top50+other from rankings-daily; no price history exists
2025-09-11,day,2025-09-11,50,731589502627,511869812010,69.97,backfill,0,volume only - top50+other from rankings-daily; no price history exists
2025-09-12,day,2025-09-12,50,682942968401,466674419698,68.33,backfill,0,volume only - top50+other from rankings-daily; no price history exists
2025-09-13,day,2025-09-13,50,613463442764,406879879861,66.33,backfill,0,volume only - top50+other from rankings-daily; no price history exists
2025-09-14,day,2025-09-14,50,609240434697,400204628594,65.69,backfill,0,volume only - top50+other from rankings-daily; no price history exists
2025-09-15,day,2025-09-15,50,725965796379,501685140539,69.11,backfill,0,volume only - top50+other from rankings-daily; no price history exists
2025-09-16,day,2025-09-16,50,803652511533,561188614680,69.83,backfill,0,volume only - top50+other from rankings-daily; no price history exists
2025-09-17,day,2025-09-17,50,750120281892,528240154012,70.42,backfill,0,volume only - top50+other from rankings-daily; no price history exists
2025-09-18,day,2025-09-18,50,748597258835,526135294817,70.28,backfill,0,volume only - top50+other from rankings-daily; no price history exists
2025-09-19,day,2025-09-19,50,710109208550,495145256309,69.73,backfill,0,volume only - top50+other from rankings-daily; no price history exists
2025-09-20,day,2025-09-20,50,571331950922,428245084160,74.96,backfill,0,volume only - top50+other from rankings-daily; no price history exists
2025-09-21,day,2025-09-21,50,607595765850,457520892217,75.3,backfill,0,volume only - top50+other from rankings-daily; no price history exists
2025-09-22,day,2025-09-22,50,708182416131,558231897269,78.83,backfill,0,volume only - top50+other from rankings-daily; no price history exists
2025-09-23,day,2025-09-23,50,742472408316,593823013836,79.98,backfill,0,volume only - top50+other from rankings-daily; no price history exists
2025-09-24,day,2025-09-24,50,776032293626,619108669203,79.78,backfill,0,volume only - top50+other from rankings-daily; no price history exists
2025-09-25,day,2025-09-25,50,788701352249,636314368532,80.68,backfill,0,volume only - top50+other from rankings-daily; no price history exists
2025-09-26,day,2025-09-26,50,774854727313,635679382327,82.04,backfill,0,volume only - top50+other from rankings-daily; no price history exists
2025-09-27,day,2025-09-27,50,717589473264,583492746079,81.31,backfill,0,volume only - top50+other from rankings-daily; no price history exists
2025-09-28,day,2025-09-28,50,750147399913,602825030910,80.36,backfill,0,volume only - top50+other from rankings-daily; no price history exists
2025-09-29,day,2025-09-29,50,838856679073,680722774092,81.15,backfill,0,volume only - top50+other from rankings-daily; no price history exists
2025-09-30,day,2025-09-30,50,908756341363,744100252192,81.88,backfill,0,volume only - top50+other from rankings-daily; no price history exists
2025-10-01,day,2025-10-01,50,775173608351,620519689197,80.05,backfill,0,volume only - top50+other from rankings-daily; no price history exists
2025-10-02,day,2025-10-02,50,756705726947,594640834135,78.58,backfill,0,volume only - top50+other from rankings-daily; no price history exists
2025-10-03,day,2025-10-03,50,788794649883,617942573502,78.34,backfill,0,volume only - top50+other from rankings-daily; no price history exists
2025-10-04,day,2025-10-04,50,659066896093,484258636847,73.48,backfill,0,volume only - top50+other from rankings-daily; no price history exists
2025-10-05,day,2025-10-05,50,652969757580,466651553083,71.47,backfill,0,volume only - top50+other from rankings-daily; no price history exists
2025-10-06,day,2025-10-06,50,754198039772,559949023344,74.24,backfill,0,volume only - top50+other from rankings-daily; no price history exists
2025-10-07,day,2025-10-07,50,794072114739,600510357431,75.62,backfill,0,volume only - top50+other from rankings-daily; no price history exists
2025-10-08,day,2025-10-08,50,762229990867,590539780230,77.48,backfill,0,volume only - top50+other from rankings-daily; no price history exists
2025-10-09,day,2025-10-09,50,793301227322,616800737354,77.75,backfill,0,volume only - top50+other from rankings-daily; no price history exists
2025-10-10,day,2025-10-10,50,718543585964,555732276380,77.34,backfill,0,volume only - top50+other from rankings-daily; no price history exists
2025-10-11,day,2025-10-11,50,606528651400,458801567636,75.64,backfill,0,volume only - top50+other from rankings-daily; no price history exists
2025-10-12,day,2025-10-12,50,590837662180,428939052740,72.6,backfill,0,volume only - top50+other from rankings-daily; no price history exists
2025-10-13,day,2025-10-13,50,729734457606,553985959965,75.92,backfill,0,volume only - top50+other from rankings-daily; no price history exists
2025-10-14,day,2025-10-14,50,717584744786,553032728287,77.07,backfill,0,volume only - top50+other from rankings-daily; no price history exists
2025-10-15,day,2025-10-15,50,685403678592,533709540702,77.87,backfill,0,volume only - top50+other from rankings-daily; no price history exists
2025-10-16,day,2025-10-16,50,707939948219,546112350497,77.14,backfill,0,volume only - top50+other from rankings-daily; no price history exists
2025-10-17,day,2025-10-17,50,685830324309,535460347985,78.07,backfill,0,volume only - top50+other from rankings-daily; no price history exists
2025-10-18,day,2025-10-18,50,561448579540,423724652709,75.47,backfill,0,volume only - top50+other from rankings-daily; no price history exists
2025-10-19,day,2025-10-19,50,556555665134,417976059536,75.1,backfill,0,volume only - top50+other from rankings-daily; no price history exists
2025-10-20,day,2025-10-20,50,689957530774,534691460938,77.5,backfill,0,volume only - top50+other from rankings-daily; no price history exists
2025-10-21,day,2025-10-21,50,747952422691,588958491662,78.74,backfill,0,volume only - top50+other from rankings-daily; no price history exists
2025-10-22,day,2025-10-22,50,728888793419,562738045306,77.2,backfill,0,volume only - top50+other from rankings-daily; no price history exists
2025-10-23,day,2025-10-23,50,754399295557,580010865265,76.88,backfill,0,volume only - top50+other from rankings-daily; no price history exists
2025-10-24,day,2025-10-24,50,746130090866,576477651066,77.26,backfill,0,volume only - top50+other from rankings-daily; no price history exists
2025-10-25,day,2025-10-25,50,612859382202,445635388881,72.71,backfill,0,volume only - top50+other from rankings-daily; no price history exists
2025-10-26,day,2025-10-26,50,606124678848,430916247600,71.09,backfill,0,volume only - top50+other from rankings-daily; no price history exists
2025-10-27,day,2025-10-27,50,808198435444,626264262309,77.49,backfill,0,volume only - top50+other from rankings-daily; no price history exists
2025-10-28,day,2025-10-28,50,836836800480,650701480986,77.76,backfill,0,volume only - top50+other from rankings-daily; no price history exists
2025-10-29,day,2025-10-29,50,882670634720,672501555446,76.19,backfill,0,volume only - top50+other from rankings-daily; no price history exists
2025-10-30,day,2025-10-30,50,839936886983,626681572292,74.61,backfill,0,volume only - top50+other from rankings-daily; no price history exists
2025-10-31,day,2025-10-31,50,795584528430,596010370349,74.91,backfill,0,volume only - top50+other from rankings-daily; no price history exists
2025-11-01,day,2025-11-01,50,667615679989,481982302207,72.19,backfill,0,volume only - top50+other from rankings-daily; no price history exists
2025-11-02,day,2025-11-02,50,680316040142,472816554432,69.5,backfill,0,volume only - top50+other from rankings-daily; no price history exists
2025-11-03,day,2025-11-03,50,855212355442,622433291789,72.78,backfill,0,volume only - top50+other from rankings-daily; no price history exists
2025-11-04,day,2025-11-04,50,843660094744,618598151390,73.32,backfill,0,volume only - top50+other from rankings-daily; no price history exists
2025-11-05,day,2025-11-05,50,870220639953,645516493738,74.18,backfill,0,volume only - top50+other from rankings-daily; no price history exists
2025-11-06,day,2025-11-06,50,815410486832,563914341879,69.16,backfill,0,volume only - top50+other from rankings-daily; no price history exists
2025-11-07,day,2025-11-07,50,902186629114,616640701923,68.35,backfill,0,volume only - top50+other from rankings-daily; no price history exists
2025-11-08,day,2025-11-08,50,797042525948,534099592646,67.01,backfill,0,volume only - top50+other from rankings-daily; no price history exists
2025-11-09,day,2025-11-09,50,744474553464,505121407838,67.85,backfill,0,volume only - top50+other from rankings-daily; no price history exists
2025-11-10,day,2025-11-10,50,910825672740,612772384091,67.28,backfill,0,volume only - top50+other from rankings-daily; no price history exists
2025-11-11,day,2025-11-11,50,949647793603,648309621151,68.27,backfill,0,volume only - top50+other from rankings-daily; no price history exists
2025-11-12,day,2025-11-12,50,881916356487,617385255093,70.0,backfill,0,volume only - top50+other from rankings-daily; no price history exists
2025-11-13,day,2025-11-13,50,901368356290,652956981861,72.44,backfill,0,volume only - top50+other from rankings-daily; no price history exists
2025-11-14,day,2025-11-14,50,812896999546,599129510731,73.7,backfill,0,volume only - top50+other from rankings-daily; no price history exists
2025-11-15,day,2025-11-15,50,693672882394,485347495885,69.97,backfill,0,volume only - top50+other from rankings-daily; no price history exists
2025-11-16,day,2025-11-16,50,777386360554,507926879361,65.34,backfill,0,volume only - top50+other from rankings-daily; no price history exists
2025-11-17,day,2025-11-17,50,895158521563,596609796856,66.65,backfill,0,volume only - top50+other from rankings-daily; no price history exists
2025-11-18,day,2025-11-18,50,946644725789,634517230878,67.03,backfill,0,volume only - top50+other from rankings-daily; no price history exists
2025-11-19,day,2025-11-19,50,974905831481,632986865075,64.93,backfill,0,volume only - top50+other from rankings-daily; no price history exists
2025-11-20,day,2025-11-20,50,950497881430,698300925770,73.47,backfill,0,volume only - top50+other from rankings-daily; no price history exists
2025-11-21,day,2025-11-21,50,914059968966,679660379227,74.36,backfill,0,volume only - top50+other from rankings-daily; no price history exists
2025-11-22,day,2025-11-22,50,766516913255,568325194939,74.14,backfill,0,volume only - top50+other from rankings-daily; no price history exists
2025-11-23,day,2025-11-23,50,824048259184,633364762703,76.86,backfill,0,volume only - top50+other from rankings-daily; no price history exists
2025-11-24,day,2025-11-24,50,1015013853257,788192503107,77.65,backfill,0,volume only - top50+other from rankings-daily; no price history exists
2025-11-25,day,2025-11-25,50,1043852595370,809172532639,77.52,backfill,0,volume only - top50+other from rankings-daily; no price history exists
2025-11-26,day,2025-11-26,50,1084308770070,826366296848,76.21,backfill,0,volume only - top50+other from rankings-daily; no price history exists
2025-11-27,day,2025-11-27,50,1088012755787,812119155425,74.64,backfill,0,volume only - top50+other from rankings-daily; no price history exists
2025-11-28,day,2025-11-28,50,1103763003384,852236887082,77.21,backfill,0,volume only - top50+other from rankings-daily; no price history exists
2025-11-29,day,2025-11-29,50,927904867275,725744753597,78.21,backfill,0,volume only - top50+other from rankings-daily; no price history exists
2025-11-30,day,2025-11-30,50,922030064198,709941558604,77.0,backfill,0,volume only - top50+other from rankings-daily; no price history exists
2025-12-01,day,2025-12-01,50,1015109519099,771935398423,76.04,backfill,0,volume only - top50+other from rankings-daily; no price history exists
2025-12-02,day,2025-12-02,50,1026570896607,782806213897,76.25,backfill,0,volume only - top50+other from rankings-daily; no price history exists
2025-12-03,day,2025-12-03,50,976117437403,735112408251,75.31,backfill,0,volume only - top50+other from rankings-daily; no price history exists
2025-12-04,day,2025-12-04,50,898751591697,635839468893,70.75,backfill,0,volume only - top50+other from rankings-daily; no price history exists
2025-12-05,day,2025-12-05,50,843822919210,586889972743,69.55,backfill,0,volume only - top50+other from rankings-daily; no price history exists
2025-12-06,day,2025-12-06,50,703381365260,475565354476,67.61,backfill,0,volume only - top50+other from rankings-daily; no price history exists
2025-12-07,day,2025-12-07,50,719935353270,492990725389,68.48,backfill,0,volume only - top50+other from rankings-daily; no price history exists
2025-12-08,day,2025-12-08,50,926168784356,676182002529,73.01,backfill,0,volume only - top50+other from rankings-daily; no price history exists
2025-12-09,day,2025-12-09,50,933583522452,675361278116,72.34,backfill,0,volume only - top50+other from rankings-daily; no price history exists
2025-12-10,day,2025-12-10,50,899477293159,629823277595,70.02,backfill,0,volume only - top50+other from rankings-daily; no price history exists
2025-12-11,day,2025-12-11,50,850751596689,579699404195,68.14,backfill,0,volume only - top50+other from rankings-daily; no price history exists
2025-12-12,day,2025-12-12,50,838859646336,568427567324,67.76,backfill,0,volume only - top50+other from rankings-daily; no price history exists
2025-12-13,day,2025-12-13,50,662233192347,432905203071,65.37,backfill,0,volume only - top50+other from rankings-daily; no price history exists
2025-12-14,day,2025-12-14,50,661672600380,442216110121,66.83,backfill,0,volume only - top50+other from rankings-daily; no price history exists
2025-12-15,day,2025-12-15,50,862177267218,607516055282,70.46,backfill,0,volume only - top50+other from rankings-daily; no price history exists
2025-12-16,day,2025-12-16,50,885696419175,609215784251,68.78,backfill,0,volume only - top50+other from rankings-daily; no price history exists
2025-12-17,day,2025-12-17,50,923604614263,622999100345,67.45,backfill,0,volume only - top50+other from rankings-daily; no price history exists
2025-12-18,day,2025-12-18,50,900483548874,620347898130,68.89,backfill,0,volume only - top50+other from rankings-daily; no price history exists
2025-12-19,day,2025-12-19,50,858310522853,556404256430,64.83,backfill,0,volume only - top50+other from rankings-daily; no price history exists
2025-12-20,day,2025-12-20,50,691575313543,398652399616,57.64,backfill,0,volume only - top50+other from rankings-daily; no price history exists
2025-12-21,day,2025-12-21,50,718652924977,414320792138,57.65,backfill,0,volume only - top50+other from rankings-daily; no price history exists
2025-12-22,day,2025-12-22,50,895710872569,557973334292,62.29,backfill,0,volume only - top50+other from rankings-daily; no price history exists
2025-12-23,day,2025-12-23,50,919893606912,561360931318,61.02,backfill,0,volume only - top50+other from rankings-daily; no price history exists
2025-12-24,day,2025-12-24,50,832020782412,484528839885,58.24,backfill,0,volume only - top50+other from rankings-daily; no price history exists
2025-12-25,day,2025-12-25,50,737262325637,428889543323,58.17,backfill,0,volume only - top50+other from rankings-daily; no price history exists
2025-12-26,day,2025-12-26,50,817227654508,469717779784,57.48,backfill,0,volume only - top50+other from rankings-daily; no price history exists
2025-12-27,day,2025-12-27,50,733624354484,417546119926,56.92,backfill,0,volume only - top50+other from rankings-daily; no price history exists
2025-12-28,day,2025-12-28,50,729209611978,413819421184,56.75,backfill,0,volume only - top50+other from rankings-daily; no price history exists
2025-12-29,day,2025-12-29,50,908489661987,537910567797,59.21,backfill,0,volume only - top50+other from rankings-daily; no price history exists
2025-12-30,day,2025-12-30,50,875711094778,508964207723,58.12,backfill,0,volume only - top50+other from rankings-daily; no price history exists
2025-12-31,day,2025-12-31,50,768652128021,445686460114,57.98,backfill,0,volume only - top50+other from rankings-daily; no price history exists
2026-01-01,day,2026-01-01,50,676146556672,382608763504,56.59,backfill,0,volume only - top50+other from rankings-daily; no price history exists
2026-01-02,day,2026-01-02,50,780433027499,448655339783,57.49,backfill,0,volume only - top50+other from rankings-daily; no price history exists
2026-01-03,day,2026-01-03,50,752494217391,424785834928,56.45,backfill,0,volume only - top50+other from rankings-daily; no price history exists
2026-01-04,day,2026-01-04,50,804614702335,466474409204,57.97,backfill,0,volume only - top50+other from rankings-daily; no price history exists
2026-01-05,day,2026-01-05,50,920385666646,569859695148,61.92,backfill,0,volume only - top50+other from rankings-daily; no price history exists
2026-01-06,day,2026-01-06,50,963414695887,635913532939,66.01,backfill,0,volume only - top50+other from rankings-daily; no price history exists
2026-01-07,day,2026-01-07,50,1017214808143,666596012565,65.53,backfill,0,volume only - top50+other from rankings-daily; no price history exists
2026-01-08,day,2026-01-08,50,969015458231,608752728389,62.82,backfill,0,volume only - top50+other from rankings-daily; no price history exists
2026-01-09,day,2026-01-09,50,957089207783,591033078457,61.75,backfill,0,volume only - top50+other from rankings-daily; no price history exists
2026-01-10,day,2026-01-10,50,802870338890,484367505339,60.33,backfill,0,volume only - top50+other from rankings-daily; no price history exists
2026-01-11,day,2026-01-11,50,789693535502,463324210772,58.67,backfill,0,volume only - top50+other from rankings-daily; no price history exists
2026-01-12,day,2026-01-12,50,1014313612337,659479985626,65.02,backfill,0,volume only - top50+other from rankings-daily; no price history exists
2026-01-13,day,2026-01-13,50,1098350562760,742260424750,67.58,backfill,0,volume only - top50+other from rankings-daily; no price history exists
2026-01-14,day,2026-01-14,50,1168753721245,825274450396,70.61,backfill,0,volume only - top50+other from rankings-daily; no price history exists
2026-01-15,day,2026-01-15,50,1227040917358,865485701024,70.53,backfill,0,volume only - top50+other from rankings-daily; no price history exists
2026-01-16,day,2026-01-16,50,1111775956968,754874279983,67.9,backfill,0,volume only - top50+other from rankings-daily; no price history exists
2026-01-17,day,2026-01-17,50,965416302518,638958258934,66.18,backfill,0,volume only - top50+other from rankings-daily; no price history exists
2026-01-18,day,2026-01-18,50,1057621484506,720571795130,68.13,backfill,0,volume only - top50+other from rankings-daily; no price history exists
2026-01-19,day,2026-01-19,50,1118470681107,746679011261,66.76,backfill,0,volume only - top50+other from rankings-daily; no price history exists
2026-01-20,day,2026-01-20,50,1167369854809,786381198115,67.36,backfill,0,volume only - top50+other from rankings-daily; no price history exists
2026-01-21,day,2026-01-21,50,1109751264958,737528414846,66.46,backfill,0,volume only - top50+other from rankings-daily; no price history exists
2026-01-22,day,2026-01-22,50,1165644748031,780328559362,66.94,backfill,0,volume only - top50+other from rankings-daily; no price history exists
2026-01-23,day,2026-01-23,50,1098227750683,713010510216,64.92,backfill,0,volume only - top50+other from rankings-daily; no price history exists
2026-01-24,day,2026-01-24,50,921779225469,562067383026,60.98,backfill,0,volume only - top50+other from rankings-daily; no price history exists
2026-01-25,day,2026-01-25,50,912436067961,550280710344,60.31,backfill,0,volume only - top50+other from rankings-daily; no price history exists
2026-01-26,day,2026-01-26,50,1123037386403,745767311438,66.41,backfill,0,volume only - top50+other from rankings-daily; no price history exists
2026-01-27,day,2026-01-27,50,1171091999378,796307840340,68.0,backfill,0,volume only - top50+other from rankings-daily; no price history exists
2026-01-28,day,2026-01-28,50,1262244728033,845890455393,67.01,backfill,0,volume only - top50+other from rankings-daily; no price history exists
2026-01-29,day,2026-01-29,50,1299991615800,843118243581,64.86,backfill,0,volume only - top50+other from rankings-daily; no price history exists
2026-01-30,day,2026-01-30,50,1226664854860,782131226102,63.76,backfill,0,volume only - top50+other from rankings-daily; no price history exists
2026-01-31,day,2026-01-31,50,1039939632945,618505557763,59.48,backfill,0,volume only - top50+other from rankings-daily; no price history exists
2026-02-01,day,2026-02-01,50,1126964134499,674409248895,59.84,backfill,0,volume only - top50+other from rankings-daily; no price history exists
2026-02-02,day,2026-02-02,50,1273715201835,784060175562,61.56,backfill,0,volume only - top50+other from rankings-daily; no price history exists
2026-02-03,day,2026-02-03,50,1347876943352,822212494693,61.0,backfill,0,volume only - top50+other from rankings-daily; no price history exists
2026-02-04,day,2026-02-04,50,1420287125277,826824756604,58.22,backfill,0,volume only - top50+other from rankings-daily; no price history exists
2026-02-05,day,2026-02-05,50,1547174716353,855756460322,55.31,backfill,0,volume only - top50+other from rankings-daily; no price history exists
2026-02-06,day,2026-02-06,50,1535426387252,827522793209,53.9,backfill,0,volume only - top50+other from rankings-daily; no price history exists
2026-02-07,day,2026-02-07,50,1326326438380,661004397311,49.84,backfill,0,volume only - top50+other from rankings-daily; no price history exists
2026-02-08,day,2026-02-08,50,1353520117412,671268954380,49.59,backfill,0,volume only - top50+other from rankings-daily; no price history exists
2026-02-09,day,2026-02-09,50,1662970178669,901437496772,54.21,backfill,0,volume only - top50+other from rankings-daily; no price history exists
2026-02-10,day,2026-02-10,50,1771510403773,986696354282,55.7,backfill,0,volume only - top50+other from rankings-daily; no price history exists
2026-02-11,day,2026-02-11,50,1809075488850,1007844228958,55.71,backfill,0,volume only - top50+other from rankings-daily; no price history exists
2026-02-12,day,2026-02-12,50,1817254332924,949773266413,52.26,backfill,0,volume only - top50+other from rankings-daily; no price history exists
2026-02-13,day,2026-02-13,50,2083944013080,865266864179,41.52,backfill,0,volume only - top50+other from rankings-daily; no price history exists
2026-02-14,day,2026-02-14,50,1862446469657,661768076245,35.53,backfill,0,volume only - top50+other from rankings-daily; no price history exists
2026-02-15,day,2026-02-15,50,2007429240268,697633010314,34.75,backfill,0,volume only - top50+other from rankings-daily; no price history exists
2026-02-16,day,2026-02-16,50,2160683192236,875359983965,40.51,backfill,0,volume only - top50+other from rankings-daily; no price history exists
2026-02-17,day,2026-02-17,50,2144256740309,944014795390,44.03,backfill,0,volume only - top50+other from rankings-daily; no price history exists
2026-02-18,day,2026-02-18,50,2279287336434,999690041712,43.86,backfill,0,volume only - top50+other from rankings-daily; no price history exists
2026-02-19,day,2026-02-19,50,2104731463727,933055390826,44.33,backfill,0,volume only - top50+other from rankings-daily; no price history exists
2026-02-20,day,2026-02-20,50,1966780747786,1006289321115,51.16,backfill,0,volume only - top50+other from rankings-daily; no price history exists
2026-02-21,day,2026-02-21,50,1629087927199,781714477989,47.98,backfill,0,volume only - top50+other from rankings-daily; no price history exists
2026-02-22,day,2026-02-22,50,1662900393801,784507995782,47.18,backfill,0,volume only - top50+other from rankings-daily; no price history exists
2026-02-23,day,2026-02-23,50,1983658606716,976179843617,49.21,backfill,0,volume only - top50+other from rankings-daily; no price history exists
2026-02-24,day,2026-02-24,50,2006814297660,1008471580245,50.25,backfill,0,volume only - top50+other from rankings-daily; no price history exists
2026-02-25,day,2026-02-25,50,2037235418073,1057757859341,51.92,backfill,0,volume only - top50+other from rankings-daily; no price history exists
2026-02-26,day,2026-02-26,50,2076458858606,1087506381632,52.37,backfill,0,volume only - top50+other from rankings-daily; no price history exists
2026-02-27,day,2026-02-27,50,2038016175860,1083082346018,53.14,backfill,0,volume only - top50+other from rankings-daily; no price history exists
2026-02-28,day,2026-02-28,50,1751323124477,863387998020,49.3,backfill,0,volume only - top50+other from rankings-daily; no price history exists
2026-03-01,day,2026-03-01,50,1722164707664,810107844876,47.04,backfill,0,volume only - top50+other from rankings-daily; no price history exists
2026-03-02,day,2026-03-02,50,2108128326245,1094412371305,51.91,backfill,0,volume only - top50+other from rankings-daily; no price history exists
2026-03-03,day,2026-03-03,50,2268386622510,1210918764254,53.38,backfill,0,volume only - top50+other from rankings-daily; no price history exists
2026-03-04,day,2026-03-04,50,2260829829411,1193681764797,52.8,backfill,0,volume only - top50+other from rankings-daily; no price history exists
2026-03-05,day,2026-03-05,50,2263159268676,1218115999916,53.82,backfill,0,volume only - top50+other from rankings-daily; no price history exists
2026-03-06,day,2026-03-06,50,2165761557067,1154161377149,53.29,backfill,0,volume only - top50+other from rankings-daily; no price history exists
2026-03-07,day,2026-03-07,50,1841412026810,908246884345,49.32,backfill,0,volume only - top50+other from rankings-daily; no price history exists
2026-03-08,day,2026-03-08,50,1881232524277,940709056823,50.0,backfill,0,volume only - top50+other from rankings-daily; no price history exists
2026-03-09,day,2026-03-09,50,2245462665118,1147258334239,51.09,backfill,0,volume only - top50+other from rankings-daily; no price history exists
2026-03-10,day,2026-03-10,50,2405339612587,1218844278819,50.67,backfill,0,volume only - top50+other from rankings-daily; no price history exists
2026-03-11,day,2026-03-11,50,2484681242838,1270785800641,51.14,backfill,0,volume only - top50+other from rankings-daily; no price history exists
2026-03-12,day,2026-03-12,50,2655470164902,1370142644765,51.6,backfill,0,volume only - top50+other from rankings-daily; no price history exists
2026-03-13,day,2026-03-13,50,2514918954523,1248680522224,49.65,backfill,0,volume only - top50+other from rankings-daily; no price history exists
2026-03-14,day,2026-03-14,50,2224615577009,962279551491,43.26,backfill,0,volume only - top50+other from rankings-daily; no price history exists
2026-03-15,day,2026-03-15,50,2343986663642,974419320449,41.57,backfill,0,volume only - top50+other from rankings-daily; no price history exists
2026-03-16,day,2026-03-16,50,2758882292355,1266773574513,45.92,backfill,0,volume only - top50+other from rankings-daily; no price history exists
2026-03-17,day,2026-03-17,50,3171494754112,1455830007403,45.9,backfill,0,volume only - top50+other from rankings-daily; no price history exists
2026-03-18,day,2026-03-18,50,3133273576581,1347484049480,43.01,backfill,0,volume only - top50+other from rankings-daily; no price history exists
2026-03-19,day,2026-03-19,50,2978864222218,1277867903265,42.9,backfill,0,volume only - top50+other from rankings-daily; no price history exists
2026-03-20,day,2026-03-20,50,3024001630072,1265684960318,41.85,backfill,0,volume only - top50+other from rankings-daily; no price history exists
2026-03-21,day,2026-03-21,50,2573341237095,948283900660,36.85,backfill,0,volume only - top50+other from rankings-daily; no price history exists
2026-03-22,day,2026-03-22,50,2656937122098,955063454378,35.95,backfill,0,volume only - top50+other from rankings-daily; no price history exists
2026-03-23,day,2026-03-23,50,3224952376065,1284314977145,39.82,backfill,0,volume only - top50+other from rankings-daily; no price history exists
2026-03-24,day,2026-03-24,50,3341805624432,1350260513517,40.41,backfill,0,volume only - top50+other from rankings-daily; no price history exists
2026-03-25,day,2026-03-25,50,3404484437033,1403541088712,41.23,backfill,0,volume only - top50+other from rankings-daily; no price history exists
2026-03-26,day,2026-03-26,50,3389941787812,1419361291956,41.87,backfill,0,volume only - top50+other from rankings-daily; no price history exists
2026-03-27,day,2026-03-27,50,3311872762246,1295336030509,39.11,backfill,0,volume only - top50+other from rankings-daily; no price history exists
2026-03-28,day,2026-03-28,50,2967065408662,1073262985541,36.17,backfill,0,volume only - top50+other from rankings-daily; no price history exists
2026-03-29,day,2026-03-29,50,2999802045325,1012133820740,33.74,backfill,0,volume only - top50+other from rankings-daily; no price history exists
2026-03-30,day,2026-03-30,50,3462453510031,1295468857340,37.41,backfill,0,volume only - top50+other from rankings-daily; no price history exists
2026-03-31,day,2026-03-31,50,4002410847181,1436322286814,35.89,backfill,0,volume only - top50+other from rankings-daily; no price history exists
2026-04-01,day,2026-04-01,50,4128332043182,1368649036510,33.15,backfill,0,volume only - top50+other from rankings-daily; no price history exists
2026-04-02,day,2026-04-02,50,4043252964147,1244519806066,30.78,backfill,0,volume only - top50+other from rankings-daily; no price history exists
2026-04-03,day,2026-04-03,50,4091886418048,1185859862895,28.98,backfill,0,volume only - top50+other from rankings-daily; no price history exists
2026-04-04,day,2026-04-04,50,3630286680857,971011335138,26.75,backfill,0,volume only - top50+other from rankings-daily; no price history exists
2026-04-05,day,2026-04-05,50,3646933937468,1026335377888,28.14,backfill,0,volume only - top50+other from rankings-daily; no price history exists
2026-04-06,day,2026-04-06,50,3640817422688,1293139124063,35.52,backfill,0,volume only - top50+other from rankings-daily; no price history exists
2026-04-07,day,2026-04-07,50,3732909598850,1453348068072,38.93,backfill,0,volume only - top50+other from rankings-daily; no price history exists
2026-04-08,day,2026-04-08,50,2999093024213,1484263181556,49.49,backfill,0,volume only - top50+other from rankings-daily; no price history exists
2026-04-09,day,2026-04-09,50,2988091808528,1565716854233,52.4,backfill,0,volume only - top50+other from rankings-daily; no price history exists
2026-04-10,day,2026-04-10,50,2859280425773,1504162552503,52.61,backfill,0,volume only - top50+other from rankings-daily; no price history exists
2026-04-11,day,2026-04-11,50,2374060726524,1167362211819,49.17,backfill,0,volume only - top50+other from rankings-daily; no price history exists
2026-04-12,day,2026-04-12,50,2396592809199,1208846545924,50.44,backfill,0,volume only - top50+other from rankings-daily; no price history exists
2026-04-13,day,2026-04-13,50,2957241118970,1525033834489,51.57,backfill,0,volume only - top50+other from rankings-daily; no price history exists
2026-04-14,day,2026-04-14,50,3099977701607,1598159800747,51.55,backfill,0,volume only - top50+other from rankings-daily; no price history exists
2026-04-15,day,2026-04-15,50,3165298086565,1615981466651,51.05,backfill,0,volume only - top50+other from rankings-daily; no price history exists
2026-04-16,day,2026-04-16,50,3143783248585,1613535585742,51.32,backfill,0,volume only - top50+other from rankings-daily; no price history exists
2026-04-17,day,2026-04-17,50,3193988270600,1584580567662,49.61,backfill,0,volume only - top50+other from rankings-daily; no price history exists
2026-04-18,day,2026-04-18,50,2462023731465,1177175301797,47.81,backfill,0,volume only - top50+other from rankings-daily; no price history exists
2026-04-19,day,2026-04-19,50,2446960959409,1149584810787,46.98,backfill,0,volume only - top50+other from rankings-daily; no price history exists
2026-04-20,day,2026-04-20,50,3134848054628,1646157896441,52.51,backfill,0,volume only - top50+other from rankings-daily; no price history exists
2026-04-21,day,2026-04-21,50,3318896487438,1672054218806,50.38,backfill,0,volume only - top50+other from rankings-daily; no price history exists
2026-04-22,day,2026-04-22,50,3382408425312,1711032293779,50.59,backfill,0,volume only - top50+other from rankings-daily; no price history exists
2026-04-23,day,2026-04-23,50,3375402500504,1644672820195,48.73,backfill,0,volume only - top50+other from rankings-daily; no price history exists
2026-04-24,day,2026-04-24,50,3254035491146,1570529898050,48.26,backfill,0,volume only - top50+other from rankings-daily; no price history exists
2026-04-25,day,2026-04-25,50,2715048699378,1178284664471,43.4,backfill,0,volume only - top50+other from rankings-daily; no price history exists
2026-04-26,day,2026-04-26,50,2702629991782,1139183401089,42.15,backfill,0,volume only - top50+other from rankings-daily; no price history exists
2026-04-27,day,2026-04-27,50,3405122588401,1545612001647,45.39,backfill,0,volume only - top50+other from rankings-daily; no price history exists
2026-04-28,day,2026-04-28,50,3630994099588,1583213037384,43.6,backfill,0,volume only - top50+other from rankings-daily; no price history exists
2026-04-29,day,2026-04-29,50,3712741085065,1621253332530,43.67,backfill,0,volume only - top50+other from rankings-daily; no price history exists
2026-04-30,day,2026-04-30,50,3509604277501,1454003832866,41.43,backfill,0,volume only - top50+other from rankings-daily; no price history exists
2026-05-01,day,2026-05-01,50,3324394613506,1281539250935,38.55,backfill,0,volume only - top50+other from rankings-daily; no price history exists
2026-05-02,day,2026-05-02,50,3015068636931,1102284457966,36.56,backfill,0,volume only - top50+other from rankings-daily; no price history exists
2026-05-03,day,2026-05-03,50,3199831512578,1133069984386,35.41,backfill,0,volume only - top50+other from rankings-daily; no price history exists
2026-05-04,day,2026-05-04,50,3771624160550,1418623135641,37.61,backfill,0,volume only - top50+other from rankings-daily; no price history exists
2026-05-05,day,2026-05-05,50,3943247540034,1502090976798,38.09,backfill,0,volume only - top50+other from rankings-daily; no price history exists
2026-05-06,day,2026-05-06,50,3971715385948,1616837947229,40.71,backfill,0,volume only - top50+other from rankings-daily; no price history exists
2026-05-07,day,2026-05-07,50,3908273660198,1694287831638,43.35,backfill,0,volume only - top50+other from rankings-daily; no price history exists
2026-05-08,day,2026-05-08,50,3795872616373,1607497169236,42.35,backfill,0,volume only - top50+other from rankings-daily; no price history exists
2026-05-09,day,2026-05-09,50,3175234843463,1241130953630,39.09,backfill,0,volume only - top50+other from rankings-daily; no price history exists
2026-05-10,day,2026-05-10,50,3165820373012,1215063115651,38.38,backfill,0,volume only - top50+other from rankings-daily; no price history exists
2026-05-11,day,2026-05-11,50,3904460018777,1619573342629,41.48,backfill,0,volume only - top50+other from rankings-daily; no price history exists
2026-05-12,day,2026-05-12,50,4090688100171,1742711146632,42.6,backfill,0,volume only - top50+other from rankings-daily; no price history exists
2026-05-13,day,2026-05-13,50,4158854730105,1752005953159,42.13,backfill,0,volume only - top50+other from rankings-daily; no price history exists
2026-05-14,day,2026-05-14,50,4054631694946,1704282688483,42.03,backfill,0,volume only - top50+other from rankings-daily; no price history exists
2026-05-15,day,2026-05-15,50,4058162821358,1634456733606,40.28,backfill,0,volume only - top50+other from rankings-daily; no price history exists
2026-05-16,day,2026-05-16,50,3258661754494,1172095842780,35.97,backfill,0,volume only - top50+other from rankings-daily; no price history exists
2026-05-17,day,2026-05-17,50,3380223252621,1184449670112,35.04,backfill,0,volume only - top50+other from rankings-daily; no price history exists
2026-05-18,day,2026-05-18,50,4054837875343,1535742056293,37.87,backfill,0,volume only - top50+other from rankings-daily; no price history exists
2026-05-19,day,2026-05-19,50,4209273652355,1708574289315,40.59,backfill,0,volume only - top50+other from rankings-daily; no price history exists
2026-05-20,day,2026-05-20,50,4430559668843,1841579594870,41.57,backfill,0,volume only - top50+other from rankings-daily; no price history exists
2026-05-21,day,2026-05-21,50,4404565910297,1994677969583,45.29,backfill,0,volume only - top50+other from rankings-daily; no price history exists
2026-05-22,day,2026-05-22,50,4542455074756,2037121937398,44.85,backfill,0,volume only - top50+other from rankings-daily; no price history exists
2026-05-23,day,2026-05-23,50,3552676202089,1418872367983,39.94,backfill,0,volume only - top50+other from rankings-daily; no price history exists
2026-05-24,day,2026-05-24,50,3725836527145,1364280851649,36.62,backfill,0,volume only - top50+other from rankings-daily; no price history exists
2026-05-25,day,2026-05-25,50,4239156680433,1698191898418,40.06,backfill,0,volume only - top50+other from rankings-daily; no price history exists
2026-05-26,day,2026-05-26,50,4946042261303,2230292016167,45.09,backfill,0,volume only - top50+other from rankings-daily; no price history exists
2026-05-27,day,2026-05-27,50,4706418054828,1967681975084,41.81,backfill,0,volume only - top50+other from rankings-daily; no price history exists
2026-05-28,day,2026-05-28,50,4986780759242,1942115846907,38.95,backfill,0,volume only - top50+other from rankings-daily; no price history exists
2026-05-29,day,2026-05-29,50,4685825847136,1777479129559,37.93,backfill,0,volume only - top50+other from rankings-daily; no price history exists
2026-05-30,day,2026-05-30,50,4040118442007,1377710626401,34.1,backfill,0,volume only - top50+other from rankings-daily; no price history exists
2026-05-31,day,2026-05-31,50,4203405742573,1469455913261,34.96,backfill,0,volume only - top50+other from rankings-daily; no price history exists
2026-06-01,day,2026-06-01,50,4708382774313,1777115194016,37.74,backfill,0,volume only - top50+other from rankings-daily; no price history exists
2026-06-02,day,2026-06-02,50,4880205168494,1852727251439,37.96,backfill,0,volume only - top50+other from rankings-daily; no price history exists
2026-06-03,day,2026-06-03,50,5561024317533,1955154501942,35.16,backfill,0,volume only - top50+other from rankings-daily; no price history exists
2026-06-04,day,2026-06-04,50,5413561492983,1945277143212,35.93,backfill,0,volume only - top50+other from rankings-daily; no price history exists
2026-06-05,day,2026-06-05,50,5437258364130,1891644643337,34.79,backfill,0,volume only - top50+other from rankings-daily; no price history exists
2026-06-06,day,2026-06-06,50,4818437093981,1454136552330,30.18,backfill,0,volume only - top50+other from rankings-daily; no price history exists
2026-06-07,day,2026-06-07,50,5307236051473,1589358190709,29.95,backfill,0,volume only - top50+other from rankings-daily; no price history exists
2026-06-08,day,2026-06-08,50,6524371265241,2131887097755,32.68,backfill,0,volume only - top50+other from rankings-daily; no price history exists
2026-06-09,day,2026-06-09,50,6430016419489,2143288884885,33.33,backfill,0,volume only - top50+other from rankings-daily; no price history exists
2026-06-10,day,2026-06-10,50,6700137711587,2246404428181,33.53,backfill,0,volume only - top50+other from rankings-daily; no price history exists
2026-06-11,day,2026-06-11,50,6929033546007,2377768813876,34.32,backfill,0,volume only - top50+other from rankings-daily; no price history exists
2026-06-12,day,2026-06-12,50,6768735721061,2236028627297,33.03,backfill,0,volume only - top50+other from rankings-daily; no price history exists
2026-06-13,day,2026-06-13,50,5669527799352,1720974780525,30.35,backfill,0,volume only - top50+other from rankings-daily; no price history exists
2026-06-14,day,2026-06-14,50,5583989560133,1649566340384,29.54,backfill,0,volume only - top50+other from rankings-daily; no price history exists
2026-06-15,day,2026-06-15,50,6398466710994,2161674083140,33.78,backfill,0,volume only - top50+other from rankings-daily; no price history exists
2026-06-16,day,2026-06-16,50,7019551287662,2317940935101,33.02,backfill,0,volume only - top50+other from rankings-daily; no price history exists
2026-06-17,day,2026-06-17,50,7760783359332,2564903365424,33.05,backfill,0,volume only - top50+other from rankings-daily; no price history exists
2026-06-18,day,2026-06-18,50,7306047428112,2337935404887,32.0,backfill,0,volume only - top50+other from rankings-daily; no price history exists
2026-06-19,day,2026-06-19,50,6557231537116,1949322863833,29.73,backfill,0,volume only - top50+other from rankings-daily; no price history exists
2026-06-20,day,2026-06-20,50,5830058052003,1618684330915,27.76,backfill,0,volume only - top50+other from rankings-daily; no price history exists
2026-06-21,day,2026-06-21,50,5775767190996,1580237377765,27.36,backfill,0,volume only - top50+other from rankings-daily; no price history exists
2026-06-22,day,2026-06-22,50,6924964211885,2134742001475,30.83,backfill,0,volume only - top50+other from rankings-daily; no price history exists
2026-06-23,day,2026-06-23,50,7148395020746,2425175371968,33.93,backfill,0,volume only - top50+other from rankings-daily; no price history exists
2026-06-24,day,2026-06-24,50,7249457010532,2390665918284,32.98,backfill,0,volume only - top50+other from rankings-daily; no price history exists
2026-06-25,day,2026-06-25,50,6972685667926,2175711200447,31.2,backfill,0,volume only - top50+other from rankings-daily; no price history exists
2026-06-26,day,2026-06-26,50,6781230881257,2112975321537,31.16,backfill,0,volume only - top50+other from rankings-daily; no price history exists
2026-06-27,day,2026-06-27,50,5693223633861,1530798282374,26.89,backfill,0,volume only - top50+other from rankings-daily; no price history exists
2026-06-28,day,2026-06-28,50,5950391766228,1605479230853,26.98,backfill,0,volume only - top50+other from rankings-daily; no price history exists
2026-06-29,day,2026-06-29,50,7085048648169,2118650492064,29.9,backfill,0,volume only - top50+other from rankings-daily; no price history exists
2026-06-30,day,2026-06-30,50,7167154681834,2300456263405,32.1,backfill,0,volume only - top50+other from rankings-daily; no price history exists
2026-07-01,day,2026-07-01,50,6977198358528,2425721072133,34.77,backfill,0,volume only - top50+other from rankings-daily; no price history exists
2026-07-02,day,2026-07-02,50,6974615024174,2557127339432,36.66,backfill,0,volume only - top50+other from rankings-daily; no price history exists
2026-07-03,day,2026-07-03,50,6991826989221,2500837792679,35.77,backfill,0,volume only - top50+other from rankings-daily; no price history exists
2026-07-04,day,2026-07-04,50,5714894093924,1809071487506,31.66,backfill,0,volume only - top50+other from rankings-daily; no price history exists
2026-07-05,day,2026-07-05,50,5809000468188,1988687964885,34.23,backfill,0,volume only - top50+other from rankings-daily; no price history exists
2026-07-06,day,2026-07-06,50,7153369575731,2500240720081,34.95,backfill,0,volume only - top50+other from rankings-daily; no price history exists
2026-07-07,day,2026-07-07,50,7795823788771,2469461290479,31.68,backfill,0,volume only - top50+other from rankings-daily; no price history exists
2026-07-08,day,2026-07-08,50,7866992584618,2543909385193,32.34,backfill,0,volume only - top50+other from rankings-daily; no price history exists
2026-07-09,day,2026-07-09,50,7769244336449,2496008502498,32.13,backfill,0,volume only - top50+other from rankings-daily; no price history exists
2026-07-10,day,2026-07-10,50,7814025791624,2517385108082,32.22,backfill,0,volume only - top50+other from rankings-daily; no price history exists
2026-07-11,day,2026-07-11,50,7239751697474,2044131746231,28.23,backfill,0,volume only - top50+other from rankings-daily; no price history exists
2026-07-12,day,2026-07-12,50,6980460924641,2026896975884,29.04,backfill,0,volume only - top50+other from rankings-daily; no price history exists
2026-07-13,day,2026-07-13,50,8945200747827,2851566677746,31.88,backfill,0,volume only - top50+other from rankings-daily; no price history exists
2026-07-14,day,2026-07-14,50,9313408516626,2877321447167,30.89,backfill,0,volume only - top50+other from rankings-daily; no price history exists
2026-07-15,day,2026-07-15,50,9480961115469,2921111638197,30.81,backfill,0,volume only - top50+other from rankings-daily; no price history exists
2026-07-16,day,2026-07-16,50,9619203914649,2945311064818,30.62,backfill,0,volume only - top50+other from rankings-daily; no price history exists
2026-07-17,day,2026-07-17,50,9621566458152,2896196530078,30.1,backfill,0,volume only - top50+other from rankings-daily; no price history exists
2026-07-18,day,2026-07-18,50,8050764751145,2105465791676,26.15,backfill,0,volume only - top50+other from rankings-daily; no price history exists
2026-07-19,day,2026-07-19,50,7742838835750,1973127906814,25.48,backfill,0,volume only - top50+other from rankings-daily; no price history exists
2026-07-20,day,2026-07-20,50,8440173824425,2315262339951,27.43,backfill,0,volume only - top50+other from rankings-daily; no price history exists
2026-07-21,day,2026-07-21,50,8372722163355,2581672741272,30.83,backfill,0,volume only - top50+other from rankings-daily; no price history exists
2026-07-22,day,2026-07-22,50,9013659246552,2559955114888,28.4,backfill,0,volume only - top50+other from rankings-daily; no price history exists
2026-07-23,day,2026-07-23,50,8751994182349,2538449552460,29.0,backfill,0,volume only - top50+other from rankings-daily; no price history exists
2026-07-24,day,2026-07-24,50,8661084724352,2359169209185,27.24,backfill,0,volume only - top50+other from rankings-daily; no price history exists
2026-07-25,day,2026-07-25,50,7305381415398,1857639533895,25.43,backfill,0,volume only - top50+other from rankings-daily; no price history exists
2026-07-26,day,2026-07-26,50,7496481859549,1837976281418,24.52,backfill,0,volume only - top50+other from rankings-daily; no price history exists
2026-07-27,day,2026-07-27,50,8784326010554,2196301157942,25.0,backfill,0,volume only - top50+other from rankings-daily; no price history exists
